Column 13,1. What type of software is this codebase primarily designed to help developers build? (Single Choice),2. Which of the following descriptions is correct about different components of this codebase? (Choose all that apply),3.What is the purpose of the Management Module in this codebase? (Choose all that apply),4. What is the relationship between the Management Module and the Checks Module? (Choose all that apply),5. What is the relationship between the management Module and the Serializers Module? (Choose all that apply),6. What is the primary role of BaseCommand in this codebase’s Management Module? (Single Choice),7. Which of the following are correct descriptions of BaseCommand (within base.py) in this codebase? (Choose all that apply),8. What is the primary role of Command (within makemigrations.py) in Django’s Management Module? (Single Choice),9. What is the relationship between BaseCommand (within base.py) and Command (within makemigrations.py)? (Choose all that apply)
P1,"b. Web applications and APIs (e.g., blog or e-commerce websites)","a. Handles ASGI requests using WSGI Handlers Module., d. Handles settings validation under the Checks Module., e. Manages specific commands executed using the Management Module.","b. To execute command-line utilities like runserver and migrate., e. To customize commands for data operations and administrative tasks","b. The Checks Module validates settings used by management commands., e. The Checks Module can perform security checks and model structure checks.",c. They are unrelated modules.,b. To provide a central foundation for defining built-in and custom management commands.,"a. It provides a standardized framework for creating management commands., d. It defines a lifecycle for commands, including setup, argument parsing, and execution.","b. The Command class in check.py is designed to check the entire Django project for potential issues, using Django's system check framework.","a. Command extends BaseCommand through the execute method., b. BaseCommand provides the foundation for the lifecycle of Command."
P2,"b. Web applications and APIs (e.g., blog or e-commerce websites)","d. Handles settings validation under the Checks Module., e. Manages specific commands executed using the Management Module.","b. To execute command-line utilities like runserver and migrate., c. To register and process all checks for validating configurations., e. To customize commands for data operations and administrative tasks","b. The Checks Module validates settings used by management commands., e. The Checks Module can perform security checks and model structure checks.","a. The Management Module uses the JSON Serializer for data formatting., e. The Serializers Module provides formatted output for management commands like dumpdata.",b. To provide a central foundation for defining built-in and custom management commands.,"a. It provides a standardized framework for creating management commands., c. It allows the customization of command arguments via the add_arguments method.","c. This class allows developers to perform diagnostic checks across the entire project, ensuring configurations and app behaviors are as expected.","a. Command extends BaseCommand through the execute method., b. BaseCommand provides the foundation for the lifecycle of Command."
P3,"b. Web applications and APIs (e.g., blog or e-commerce websites)","b. Registers and processes all registration checks under the Management Module., d. Handles settings validation under the Checks Module., e. Manages specific commands executed using the Management Module.",e. To customize commands for data operations and administrative tasks,"a. The Management Module provides a base for defining checks., f. The Management Module executes registered checks as part of its operations.",e. The Serializers Module provides formatted output for management commands like dumpdata.,b. To provide a central foundation for defining built-in and custom management commands.,a. It provides a standardized framework for creating management commands.,d. To generate new migration files for changes detected in models.,"b. BaseCommand provides the foundation for the lifecycle of Command., c. The purpose of their relationship is for customized command behavior."
P4,"b. Web applications and APIs (e.g., blog or e-commerce websites)","a. Handles ASGI requests using WSGI Handlers Module., b. Registers and processes all registration checks under the Management Module., c. Defines various management messages using the Checks Module., d. Handles settings validation under the Checks Module., e. Manages specific commands executed using the Management Module.","c. To register and process all checks for validating configurations., d. To manage serialization of data into JSON and XML formats., e. To customize commands for data operations and administrative tasks","a. The Management Module provides a base for defining checks., c. They are completely independent of each other., d. The Management Module directly triggers async checks during requests., e. The Checks Module can perform security checks and model structure checks.","d. The Management Module uses the XML Serializer for data formatting., e. The Serializers Module provides formatted output for management commands like dumpdata.",c. To manage database models and migrations.,"a. It provides a standardized framework for creating management commands., c. It allows the customization of command arguments via the add_arguments method., d. It defines a lifecycle for commands, including setup, argument parsing, and execution., e. It automatically validates the command against project settings.",a. Custom command implementations of management operations.,b. BaseCommand provides the foundation for the lifecycle of Command.
P5,"b. Web applications and APIs (e.g., blog or e-commerce websites)","d. Handles settings validation under the Checks Module., e. Manages specific commands executed using the Management Module., f. Supports real-time communication using the Handlers Module.","b. To execute command-line utilities like runserver and migrate., d. To manage serialization of data into JSON and XML formats., e. To customize commands for data operations and administrative tasks","b. The Checks Module validates settings used by management commands., e. The Checks Module can perform security checks and model structure checks., f. The Management Module executes registered checks as part of its operations.","a. The Management Module uses the JSON Serializer for data formatting., d. The Management Module uses the XML Serializer for data formatting., e. The Serializers Module provides formatted output for management commands like dumpdata.",b. To provide a central foundation for defining built-in and custom management commands.,"a. It provides a standardized framework for creating management commands., c. It allows the customization of command arguments via the add_arguments method., d. It defines a lifecycle for commands, including setup, argument parsing, and execution., e. It automatically validates the command against project settings.",d. To generate new migration files for changes detected in models.,"a. Command extends BaseCommand through the execute method., b. BaseCommand provides the foundation for the lifecycle of Command., c. The purpose of their relationship is for customized command behavior., e. Command adds custom logic to handle migration generation while leveraging BaseCommand’s infrastructure."
P6,f. I don’t know,e. Manages specific commands executed using the Management Module.,b. To execute command-line utilities like runserver and migrate.,"d. The Management Module directly triggers async checks during requests., e. The Checks Module can perform security checks and model structure checks., f. The Management Module executes registered checks as part of its operations.","a. The Management Module uses the JSON Serializer for data formatting., d. The Management Module uses the XML Serializer for data formatting.",b. To provide a central foundation for defining built-in and custom management commands.,a. It provides a standardized framework for creating management commands.,e. I don’t know,e. Command adds custom logic to handle migration generation while leveraging BaseCommand’s infrastructure.
P7,"b. Web applications and APIs (e.g., blog or e-commerce websites)",g. All of the above,"b. To execute command-line utilities like runserver and migrate., c. To register and process all checks for validating configurations.","d. The Management Module directly triggers async checks during requests., e. The Checks Module can perform security checks and model structure checks., f. The Management Module executes registered checks as part of its operations.","a. The Management Module uses the JSON Serializer for data formatting., b. The Management Module registers serializers to validate data models., e. The Serializers Module provides formatted output for management commands like dumpdata.",c. To manage database models and migrations.,"a. It provides a standardized framework for creating management commands., b. It manages logging configuration for all commands in Django., d. It defines a lifecycle for commands, including setup, argument parsing, and execution.","b. The Command class in check.py is designed to check the entire Django project for potential issues, using Django's system check framework.",g. I don’t know
P8,"b. Web applications and APIs (e.g., blog or e-commerce websites)",a. Handles ASGI requests using WSGI Handlers Module.,b. To execute command-line utilities like runserver and migrate.,h. I don’t know,g. I don’t know,b. To provide a central foundation for defining built-in and custom management commands.,e. It automatically validates the command against project settings.,a. Custom command implementations of management operations.,"b. BaseCommand provides the foundation for the lifecycle of Command., c. The purpose of their relationship is for customized command behavior., e. Command adds custom logic to handle migration generation while leveraging BaseCommand’s infrastructure."
P9,"b. Web applications and APIs (e.g., blog or e-commerce websites)","a. Handles ASGI requests using WSGI Handlers Module., b. Registers and processes all registration checks under the Management Module., e. Manages specific commands executed using the Management Module.","b. To execute command-line utilities like runserver and migrate., c. To register and process all checks for validating configurations., e. To customize commands for data operations and administrative tasks","a. The Management Module provides a base for defining checks., e. The Checks Module can perform security checks and model structure checks., f. The Management Module executes registered checks as part of its operations.",c. They are unrelated modules.,b. To provide a central foundation for defining built-in and custom management commands.,"a. It provides a standardized framework for creating management commands., c. It allows the customization of command arguments via the add_arguments method., d. It defines a lifecycle for commands, including setup, argument parsing, and execution.",,
P10,"b. Web applications and APIs (e.g., blog or e-commerce websites)","d. Handles settings validation under the Checks Module., e. Manages specific commands executed using the Management Module.","b. To execute command-line utilities like runserver and migrate., e. To customize commands for data operations and administrative tasks","d. The Management Module directly triggers async checks during requests., e. The Checks Module can perform security checks and model structure checks.",c. They are unrelated modules.,b. To provide a central foundation for defining built-in and custom management commands.,"a. It provides a standardized framework for creating management commands., c. It allows the customization of command arguments via the add_arguments method., d. It defines a lifecycle for commands, including setup, argument parsing, and execution.",a. Custom command implementations of management operations.,"a. Command extends BaseCommand through the execute method., c. The purpose of their relationship is for customized command behavior., e. Command adds custom logic to handle migration generation while leveraging BaseCommand’s infrastructure."